INSERT INTO projects (id, title, category, funding_goal, start_date, end_date) VALUES
(1, "Help me buy a new car", "Automotives", 3500.00, "2017-03-19", "2017-04-19"),
(2, "Help me buy a new dad", "Charity", 200.00, "2017-02-18", "2017-03-18"),
(3, "Help me buy a new haircut", "Style", 60.00, "2017-05-11", "2017-06-11"),
(4, "Help me buy a new seat", "Retail", 10.00, "2017-06-01", "2017-07-01"),
(5, "Help me buy a new bone", "Health", 750.00, "2017-03-21", "2017-04-21"),
(6, "Help me buy a new helmet", "Safety", 20.00, "2017-05-20", "2017-06-20"),
(7, "Help me buy a new meal", "Food", 700.00, "2017-04-30", "2017-05-30"),
(8, "Help me buy a new baby", "Children", 70.00, "2017-02-19", "2017-03-19"),
(9, "Help me buy a new job", "Employment", 200.00, "2017-05-19", "2017-06-19"),
(10, "Help me buy a new school", "Education", 800.00, "2017-04-12", "2017-05-12");

INSERT INTO users (id, name, age) VALUES (1, "John Boy", 9), (2, "Ricky", 34), (3, "Alonzo", 21),
(4, "Bethesda", 50), (5, "Chenth", 24), (6, "Smicky", 75), (7, "Jorbo", 34), (8, "Alebandorth", 94),
(9, "Gross Donald", 34), (10, "Bill Dan", 45), (11, "Honest Dick", 34), (12, "Sticky Man", 30),
(13, "Gremg", 30), (14, "Randitha", 72), (15, "Ho Boy", 64), (16, "Stingus II", 21), (17, "Rebecca", 20),
(18, "American Girl", 18), (19, "Jerringus", 63), (20, "Bribby", 25);

INSERT INTO pledges (id, amount, user_id, project_id) VALUES
(1, 10.00, 1, 2),
(2, 20.00, 1, 3),
(3, 40.00, 1, 4),
(4, 50.00, 2, 3),
(5, 10.00, 3, 2),
(6, 20.00, 4, 4),
(7, 40.00, 5, 10),
(8, 60.00, 6, 10),
(9, 50.00, 7, 9),
(10, 700.00, 8, 8),
(11, 1000.00, 8, 7),
(12, 40.00, 9, 6),
(13, 50.00, 9, 3),
(14, 50.00, 10, 4),
(15, 24.00, 12, 1),
(16, 34.00, 11, 1),
(17, 12.00, 13, 6),
(18, 19.00, 14, 5),
(19, 20.00, 15, 5),
(20, 40.00, 16, 6),
(21, 35.50, 17, 7),
(22, 40.00, 18, 8),
(23, 60.00, 19, 9),
(24, 70.00, 20, 10),
(25, 100.00, 20, 4),
(26, 40.00, 19, 1),
(27, 20.00, 18, 6),
(28, 90.00, 17, 9),
(29, 230.00, 16, 6),
(30, 450.00, 15, 5);
